{
  "$schema": "https://schema.management.azure.com/schemas/2019-04-01/deploymentTemplate.json#",
  "contentVersion": "1.0.0.0",
  "parameters": {
    "existingDataFactoryVersion": {
      "type": "string"
    },
    "datafactoryId": {
      "type": "string"
    },
    "virtualMachineName": {
      "type": "string"
    },
    "existingVnetLocation": {
      "type": "string"
    },
    "scriptUrl": {
      "type": "string"
    }
    // "newOrExisting": {
    //   "type": "string"
    // }
  },
  "variables": {},
  "resources": [
    {
      // "condition": "[equals(parameters('newOrExisting'),'new')]",
      "type": "Microsoft.Compute/virtualMachines/extensions",
      "name": "[concat(parameters('virtualMachineName'), '/' ,parameters('virtualMachineName'), 'installGW')]",
      "apiVersion": "2019-07-01",
      "location": "[parameters('existingVnetLocation')]",
      "tags": {
        "vmname": "[parameters('virtualMachineName')]"
      },
      "properties": {
        "publisher": "Microsoft.Compute",
        "type": "CustomScriptExtension",
        "typeHandlerVersion": "1.7",
        "autoUpgradeMinorVersion": true,
        "settings": {
          "fileUris": [
            "[parameters('scriptURL')]"
          ]
        },
        "protectedSettings": {
          "commandToExecute": "[concat('powershell.exe -ExecutionPolicy Unrestricted -File gatewayInstall.ps1 ', if(equals(parameters('existingDataFactoryVersion'), 'V2'), listAuthKeys(parameters('datafactoryId'), '2017-09-01-preview').authKey1, listAuthKeys(parameters('datafactoryId'), '2015-10-01').key1))]"
        }
      }
    }
  ]
}