{
  "$schema": "https://schema.management.azure.com/schemas/2019-04-01/deploymentTemplate.json#",
  "contentVersion": "1.0.0.0",
  "parameters": {
    "existingDataFactoryName": {
      "type": "string"
    },
    "existingDataFactoryVersion": {
      "type": "string"
    },
    "IntegrationRuntimeName": {
      "type": "string"
    }
    // "newOrExisting": {
    //   "type": "string"
    // }
  },
  "variables": {
  },
  "resources": [
    {
      "condition": "[equals(parameters('existingDataFactoryVersion'), 'V2')]",
      "type": "Microsoft.DataFactory/factories/integrationruntimes",
      "apiVersion": "2018-06-01",
      "name": "[concat(parameters('existingDataFactoryName'), '/', parameters('IntegrationRuntimeName'))]",
      "properties": {
        "type": "SelfHosted",
        "description": "Self-hosted Integration runtime created using ARM template"
      }
    }
  ],
  "outputs": {
    "irId": {
      "type": "string",
      "value": "[resourceId(if(equals(parameters('existingDataFactoryVersion'), 'V2'), 'Microsoft.DataFactory/factories/integrationruntimes', 'Microsoft.DataFactory/dataFactories/gateways'), parameters('existingDataFactoryName'), parameters('IntegrationRuntimeName'))]"
    }
  }
}