{
  "$schema": "https://schema.management.azure.com/schemas/2019-04-01/deploymentTemplate.json#",
  "contentVersion": "1.0.0.0",
  "parameters": {
    "virtualMachineName": {
      "type": "string"
    },
    "vmSize": {
      "type": "string"
    },
    "adminUserName": {
      "type": "string"
    },
    "adminPassword": {
      "type": "securestring"
    },
    "existingVnetLocation": {
      "type": "string"
    },
    "subnetId": {
      "type": "string"
    },
    "nsgId": {
      "type": "string"
    },
    "storageAccountName": {
      "type": "string"
    }
    // "newOrExisting": {
    //   "type": "string"
    // }
  },
  "variables": {
    "nicName": "[concat(parameters('virtualMachineName'), 'Nic')]",
    "publicIPAddressName": "[concat(parameters('virtualMachineName'), '-ip')]"
  },
  "resources": [
    {
      // "condition": "[equals(parameters('newOrExisting'),'new')]",
      "apiVersion": "2019-09-01",
      "type": "Microsoft.Network/publicIPAddresses",
      "name": "[variables('publicIPAddressName')]",
      "location": "[parameters('existingVnetLocation')]",
      "properties": {
        "publicIPAllocationMethod": "Dynamic"
      }
    },
    {
      // "condition": "[equals(parameters('newOrExisting'),'new')]",
      "apiVersion": "2019-09-01",
      "type": "Microsoft.Network/networkInterfaces",
      "name": "[variables('nicName')]",
      "location": "[parameters('existingVnetLocation')]",
      "dependsOn": [
        "[resourceId('Microsoft.Network/publicIPAddresses', variables('publicIPAddressName'))]"
      ],
      "properties": {
        "ipConfigurations": [
          {
            "name": "ipconfig1",
            "properties": {
              "privateIPAllocationMethod": "Dynamic",
              "publicIPAddress": {
                "id": "[resourceId('Microsoft.Network/publicIPAddresses',variables('publicIPAddressName'))]"
              },
              "subnet": {
                "id": "[parameters('subnetId')]"
              }
            }
          }
        ],
        "networkSecurityGroup": {
          "id": "[parameters('nsgId')]"
        }
      }
    },
    {
      // "condition": "[equals(parameters('newOrExisting'),'new')]",
      "apiVersion": "2019-07-01", 
      "type": "Microsoft.Compute/virtualMachines",
      "name": "[parameters('virtualMachineName')]",
      "location": "[parameters('existingVnetLocation')]",
      "dependsOn": [
        "[resourceId('Microsoft.Network/networkInterfaces/', variables('nicName'))]"
      ],
      "properties": {
        "hardwareProfile": {
          "vmSize": "[parameters('vmSize')]"
        },
        "osProfile": {
          "computerName": "[parameters('virtualMachineName')]",
          "adminUsername": "[parameters('adminUserName')]",
          "adminPassword": "[parameters('adminPassword')]"
        },
        "storageProfile": {
          "imageReference": {
            "publisher": "MicrosoftWindowsServer",
            "offer": "WindowsServer",
            "sku": "2016-Datacenter",
            "version": "latest"
          },
          "osDisk": {
           
           "name": "[concat(parameters('virtualMachineName'),'_OSDisk')]", 
            "caching": "ReadWrite",
            "createOption": "FromImage"
          }
        },
        "networkProfile": {
          "networkInterfaces": [
            {
              "id": "[resourceId('Microsoft.Network/networkInterfaces',variables('nicName'))]"
            }
          ]
        },
        "diagnosticsProfile": {
          "bootDiagnostics": {
            "enabled": true,
            "storageUri": "[concat('https://', parameters('storageAccountName'), '.blob.core.windows.net/')]"
          }
        }
      }
    }
  ]
}