{
  "$schema": "https://schema.management.azure.com/schemas/2019-04-01/deploymentParameters.json#",
  "contentVersion": "1.0.0.0",
  "parameters": {
    "existingDataFactoryName": {
      "value":"GET-PREREQ-dataFactoryName"
    },
    "existingDataFactoryResourceGroup": {
      "value":"GET-PREREQ-resourceGroupName"
    },
    "existingDataFactoryVersion": {
      "value":"V1"
    },
    "IntegrationRuntimeName": {
      "value":"GEN-UNIQUE"
    },
    "NodeCount":{
      "value": 1
    },
    "adminUserName": {
      "value": "GEN-UNIQUE"
    },
    "adminPassword": {
      "value": "GEN-PASSWORD"
    },
    "existingVirtualNetworkName":{
      "value": "GET-PREREQ-vnetName"
    },
    "existingVnetResourceGroupName":{
      "value": "GET-PREREQ-resourceGroupName"
    },
    "existingSubnetInYourVnet": {
      "value": "GET-PREREQ-subnetName"
    },
    "existingVnetLocation": {
      "value": "GET-PREREQ-vnetLocation"
    },
    "newOrExisting": {
      "value": "new"
    }
  }
}