{
  "$schema": "https://schema.management.azure.com/schemas/2019-04-01/deploymentTemplate.json#",
  "contentVersion": "1.0.0.0",
  "parameters": {
    "location": {
      "type": "string",
      "defaultValue": "[resourceGroup().location]"
    },
    "datafactoryName": {
      "type": "string"
    },
    "datafactoryLocation": {
      "type": "string"
    },
    "firstVnetName": {
      "type": "string"
    },
    "firstVnetPrefix": {
      "type": "string"
    },
    "firstVnetSubnetName": {
      "type": "string"
    },
    "firstVnetSubnetPrefix": {
      "type": "string"
    },
    "secondVnetSubnetName": {
      "type": "string"
    },
    "secondVnetSubnetPrefix": {
      "type": "string"
    },
    "thirdVnetSubnetName": {
      "type": "string"
    },
    "thirdVnetSubnetPrefix": {
      "type": "string"
    },
    "newOrExisting": {
      "type": "string",
      "allowedValues": [
        "new",
        "existing"
      ]
    }
  },
  "variables": {
    "firstVNETName": "[parameters('firstVnetName')]",
    "firstVNETPrefix": "[parameters('firstVnetPrefix')]",
    "firstVNETFESubnetName": "[parameters('firstVnetSubnetName')]",
    "firstVNETFESubnetPrefix": "[parameters('firstVnetSubnetPrefix')]",
    "secondVNETFESubnetName": "[parameters('secondVnetSubnetName')]",
    "secondVNETFESubnetPrefix": "[parameters('secondVnetSubnetPrefix')]",
    "thirdVNETFESubnetName": "[parameters('thirdVnetSubnetName')]",
    "thirdVNETFESubnetPrefix": "[parameters('thirdVnetSubnetPrefix')]",
    "datafactoryName": "[parameters('datafactoryName')]"
  },
  "resources": [
    {
      "condition": "[equals(parameters('newOrExisting'),'new')]",
      "name": "[variables('firstVNETName')]",
      "type": "Microsoft.Network/virtualNetworks",
      "location": "[parameters('location')]",
      "apiVersion": "2019-09-01",
      "properties": {
        "addressSpace": {
          "addressPrefixes": [
            "[variables('firstVNETPrefix')]"
          ]
        },
        "subnets": [
                    {
                        "name": "[parameters('firstVnetSubnetName')]",
                        "properties": {
                            "addressPrefix": "[parameters('firstVnetSubnetPrefix')]"
                        }
                    },
                    {
                        "name": "[parameters('secondVnetSubnetName')]",
                        "properties": {
                            "addressPrefix": "[parameters('secondVnetSubnetPrefix')]",
                            "privateLinkServiceNetworkPolicies": "Disabled"
                        }
                    },
                    {
                        "name": "[parameters('thirdVnetSubnetName')]",
                        "properties": {
                            "addressPrefix": "[parameters('thirdVnetSubnetPrefix')]",
                            "privateLinkServiceNetworkPolicies": "Disabled"
                        }
                    }
                ]
        // "subnets": [
        //   {
        //     "name": "[variables('firstVNETFESubnetName')]",
        //     "properties": {
        //       "addressPrefix": "[variables('firstVNETFESubnetPrefix')]"
        //     }
        //   },
        //   {
        //     "name": "[variables('secondVNETFESubnetName')]",
        //     "properties": {
        //       "addressPrefix": "[variables('secondVNETFESubnetPrefix')]"
        //     }
        //   },
        //   {
        //     "name": "[variables('thirdVNETFESubnetName')]",
        //     "properties": {
        //       "addressPrefix": "[variables('thirdVNETFESubnetPrefix')]"
        //     }
        //   }
        // ]
      }
    },
    {
      "condition": "[equals(parameters('newOrExisting'),'new')]",
      "apiVersion": "2019-04-01",
      "type": "Microsoft.Network/virtualNetworks/subnets",
      "name": "[concat(variables('firstVNETName'), '/', variables('firstVNETFESubnetName'))]",
      "location": "[resourceGroup().location]",
      "dependsOn": [
        "[resourceId('Microsoft.Network/virtualNetworks', variables('firstVNETName'))]"
      ],
      "properties": {
        "addressPrefix": "[variables('firstVNETFESubnetPrefix')]"
      }
    },
    {
      "condition": "[equals(parameters('newOrExisting'),'new')]",
      "apiVersion": "2019-04-01",
      "type": "Microsoft.Network/virtualNetworks/subnets",
      "name": "[concat(variables('firstVNETName'), '/', variables('secondVNETFESubnetName'))]",
      "location": "[resourceGroup().location]",
      "dependsOn": [
        "[resourceId('Microsoft.Network/virtualNetworks', variables('firstVNETName'))]",
        "[resourceId('Microsoft.Network/virtualNetworks/subnets', variables('firstVNETName'), variables('firstVNETFESubnetName'))]"
      ],
      "properties": {
        "addressPrefix": "[variables('secondVNETFESubnetPrefix')]"
      }
    },
    {
      "condition": "[equals(parameters('newOrExisting'),'new')]",
      "apiVersion": "2019-04-01",
      "type": "Microsoft.Network/virtualNetworks/subnets",
      "name": "[concat(variables('firstVNETName'), '/', variables('thirdVNETFESubnetName'))]",
      "location": "[resourceGroup().location]",
      "dependsOn": [
        "[resourceId('Microsoft.Network/virtualNetworks', variables('firstVNETName'))]",
        "[resourceId('Microsoft.Network/virtualNetworks/subnets', variables('firstVNETName'), variables('secondVNETFESubnetName'))]"
      ],
      "properties": {
        "addressPrefix": "[variables('thirdVNETFESubnetPrefix')]"
      }
    },
    {
      "condition": "[equals(parameters('newOrExisting'),'new')]",
      "apiVersion": "2018-06-01",
      "name": "[parameters('datafactoryName')]",
      "location": "[parameters('dataFactoryLocation')]",
      "type": "Microsoft.DataFactory/factories",
      "identity": {
          "type": "SystemAssigned"
      },
      "properties": {}
    }
  ],
  "outputs": {
    "resourceGroupName": {
      "type": "string",
      "value": "[resourceGroup().name]"
    },
    "vnetLocation": {
      "type": "string",
      "value": "[parameters('location')]"
    },
    "vnetName": {
      "type": "string",
      "value": "[variables('firstVNETName')]"
    },
    "subnetName": {
      "type": "string",
      "value": "[variables('firstVNETFESubnetName')]"
    },
    "dataFactoryName": {
      "type": "string",
      "value": "[variables('datafactoryName')]"
    }
  }
}